Id,Category
c5693b7d_ab8f.JPEG,23
9e70a764_2962.JPEG,6
b54e8c45_5503.JPEG,2
fe6b0876_df17.JPEG,13
e57c80f8_247c.JPEG,29
e22a4256_3ada.JPEG,2
4f8af6a9_5994.JPEG,16
7b8e1487_9661.JPEG,29
dd8a6980_4f56.JPEG,10
28da5d54_8f9c.JPEG,2
baefd2d6_f17a.JPEG,2
91304362_779c.JPEG,29
71cc387a_4b56.JPEG,29
8219a219_a3e9.JPEG,17
c0992f3a_7945.JPEG,28
7d3f356f_e56d.JPEG,16
cabf7653_7c55.JPEG,26
3f32a975_ee37.JPEG,12
070cf4b2_4b65.JPEG,29
71ebbeb4_e1f2.JPEG,26
9cb5b963_d88f.JPEG,12
a190b742_c751.JPEG,29
097cec85_c4ac.JPEG,22
37a5675e_2551.JPEG,1
ddcbf234_0e67.JPEG,29
ac1a4cfe_e66d.JPEG,2
f8539521_3357.JPEG,19
6dc7ba96_f6f7.JPEG,13
503a76b5_a74b.JPEG,3
6886f7f5_f395.JPEG,26
e5749e7f_63a3.JPEG,19
fd125164_4440.JPEG,7
d585f1d4_77b6.JPEG,3
6143aedb_6f82.JPEG,12
0ed6a061_e373.JPEG,0
b6ec02ad_1119.JPEG,29
d910a5bc_fae7.JPEG,22
2d9436ee_4080.JPEG,29
ec608767_ebb0.JPEG,18
dc3b81ac_b4ed.JPEG,3
52b5b24e_4304.JPEG,2
72262a6a_3598.JPEG,29
f1995f41_7250.JPEG,13
3f7956cd_1f77.JPEG,2
44e27b6d_5efa.JPEG,12
a4beaffd_01d8.JPEG,29
57ee0124_6125.JPEG,22
a7dbfb94_835b.JPEG,29
c0ff32dc_5efe.JPEG,26
2ecb6391_a360.JPEG,13
02deb098_4f7a.JPEG,22
62a11380_f079.JPEG,17
5d581d86_3072.JPEG,2
516e0277_8a0f.JPEG,26
3ea1c19d_fa54.JPEG,2
4c6c26ef_7cf7.JPEG,22
fe3b98ea_471c.JPEG,29
7a0c92a8_b066.JPEG,17
4f650555_d4b8.JPEG,3
55fcc1c9_67c9.JPEG,12
20a6e02c_0c20.JPEG,18
41431f2f_7fa2.JPEG,22
9c288c49_84b9.JPEG,3
91ab507a_b62b.JPEG,29
ae6a9548_6ceb.JPEG,16
0b2686b9_eea9.JPEG,7
997f3bf5_867e.JPEG,13
57984cea_ff96.JPEG,15
b6ba477b_9a5b.JPEG,2
5c36d83a_41db.JPEG,12
4db26cc4_5235.JPEG,28
6e19ae59_bc9e.JPEG,12
d18643d4_abfd.JPEG,22
63b023b8_dcfe.JPEG,29
a6ac99d2_1bc1.JPEG,10
e4aeabfd_e5b2.JPEG,19
dbac3e89_1508.JPEG,2
16425897_3bbe.JPEG,23
79ec0add_e213.JPEG,29
7f99e79a_ab4d.JPEG,10
09dac3bd_267f.JPEG,29
c685ef4c_9992.JPEG,6
38c7e3a4_3df9.JPEG,12
babc128e_7a04.JPEG,3
7509bcbf_13e4.JPEG,7
28d0f5e9_373c.JPEG,29
70fe6254_f8bf.JPEG,29
5d7e7366_c025.JPEG,28
ce20c73f_3863.JPEG,19
192473cc_a65c.JPEG,3
e7080f92_94d6.JPEG,11
8d3f6198_ea4f.JPEG,12
e93d16b1_46f3.JPEG,29
9832cd29_afcd.JPEG,12
86a29d33_9db8.JPEG,28
41ba7abb_5e28.JPEG,22
99304d48_8b0f.JPEG,29
3870542b_b512.JPEG,15
687d8f9c_da76.JPEG,13
15acc3ec_b335.JPEG,17
6a94f3f0_5960.JPEG,12
d68a3f6f_4a4a.JPEG,29
ea30cf26_4cde.JPEG,7
80df2af7_d312.JPEG,2
5b54261a_3e2c.JPEG,12
28dc14da_e6df.JPEG,28
d8fec76d_83b1.JPEG,13
07dd7dfd_f2ad.JPEG,12
2d7cc2a9_0472.JPEG,13
07dcfc8e_efda.JPEG,3
a6b55e0d_f5fe.JPEG,12
b2149e77_e276.JPEG,17
49f74c11_d65e.JPEG,28
af51abe4_c7fb.JPEG,12
003e8ac5_d95f.JPEG,2
12286522_9b69.JPEG,7
0e2a2a81_5ff8.JPEG,1
8a4732e6_7396.JPEG,26
53e75d52_1fad.JPEG,29
0a130fb8_b027.JPEG,29
15463fa4_2546.JPEG,12
2e38a3cf_49d5.JPEG,2
0650c09c_17e5.JPEG,29
692eab5d_eb14.JPEG,22
7185a7a8_779b.JPEG,12
64877b7c_9aae.JPEG,29
6bf27808_e31b.JPEG,7
1ae4e16b_4a50.JPEG,3
4546bba6_e5a1.JPEG,19
d3d41fa2_782f.JPEG,26
bcfaca02_1d7b.JPEG,18
bf604f3f_a1d0.JPEG,12
d1990281_2e08.JPEG,6
df34afa0_ffdd.JPEG,7
7bcb76cf_0fa2.JPEG,3
8c85a52d_db47.JPEG,29
45bd5a78_5095.JPEG,28
eeba9f44_a2bb.JPEG,2
c0c06d48_a825.JPEG,2
27e58421_3d12.JPEG,29
166bf218_a863.JPEG,2
df5bbbf6_5132.JPEG,13
c4414de6_d049.JPEG,12
84e56c0c_0ca7.JPEG,6
6de2e6ed_3dc3.JPEG,10
f1396e22_e668.JPEG,29
c1c283c7_21b3.JPEG,12
981de50e_289b.JPEG,2
c78347f0_bfac.JPEG,17
d2c70baf_3874.JPEG,10
611d1773_0ffe.JPEG,22
7d6636ad_459e.JPEG,26
177660cf_70a4.JPEG,28
536ec65c_064c.JPEG,16
b2181525_4702.JPEG,29
f98810ac_9e18.JPEG,2
93f099ef_5440.JPEG,13
5afc6db6_b07a.JPEG,13
3277162e_b063.JPEG,29
644b8d1a_a871.JPEG,19
335625d6_36bd.JPEG,12
528a6720_423e.JPEG,17
ab406e9b_e0e7.JPEG,29
57a8438e_9682.JPEG,7
8df1ddde_12f1.JPEG,26
24a9951a_a3dd.JPEG,2
4c873cae_3c06.JPEG,10
1d9cd2ad_f1c5.JPEG,12
3af72fc8_b33b.JPEG,0
c85f212d_62c2.JPEG,3
404ae741_2150.JPEG,11
87c6b28b_5225.JPEG,3
adf32143_081f.JPEG,13
17e0a202_70e3.JPEG,13
1fe3cb50_641a.JPEG,29
f134b33f_315d.JPEG,12
15887902_5007.JPEG,12
e5b424b5_54bd.JPEG,17
b01daa2e_cd94.JPEG,29
a82e86d7_3b85.JPEG,29
afb29d72_47b5.JPEG,29
2491ece9_0cbe.JPEG,3
34ced50a_aba9.JPEG,28
379a35a5_51e7.JPEG,17
24a75206_d0a4.JPEG,28
42727288_829b.JPEG,28
531983f1_921a.JPEG,2
4cf23054_f598.JPEG,17
2c8e6f33_808b.JPEG,1
3f80e70e_4cda.JPEG,26
76ecd33d_24c2.JPEG,29
c6e04258_0ee1.JPEG,22
5b2c2f36_04f5.JPEG,29
cc857f89_daba.JPEG,22
d31e519d_6700.JPEG,22
3efabbaa_c27c.JPEG,29
1cec70ec_4ceb.JPEG,29
fac49eec_2319.JPEG,7
be2d4196_b36d.JPEG,10
8cbe0833_4a78.JPEG,2
10133c3b_7c10.JPEG,26
d14f3182_e891.JPEG,29
affb5b1e_1db3.JPEG,1
c9704655_7452.JPEG,28
9da5d7f0_b1fc.JPEG,10
893f903a_c141.JPEG,12
2cb0e6d5_0694.JPEG,2
b4bd2dac_c818.JPEG,26
c4e7cfef_f334.JPEG,29
fba9a6da_6538.JPEG,29
f9d7caf2_6aff.JPEG,17
6b1951b6_0f0a.JPEG,2
ef4c95eb_f01e.JPEG,26
ca059d4b_796c.JPEG,26
4ab869c5_4b5b.JPEG,2
1189db4a_609f.JPEG,26
4b22ac44_13f0.JPEG,29
e799cf74_77a8.JPEG,29
978dde0f_9142.JPEG,0
7008be96_6d99.JPEG,29
36332afa_2420.JPEG,17
2e6aa472_f8b9.JPEG,22
9356b12c_c6c9.JPEG,12
1483594f_425a.JPEG,29
55c8baec_6b32.JPEG,21
afd7d1d5_1aea.JPEG,26
94e0451a_5a03.JPEG,19
908fdafb_6fc9.JPEG,29
8e0715ad_5fcf.JPEG,28
de44aca8_8d3e.JPEG,12
526a5c6c_3acc.JPEG,17
123589e5_dd21.JPEG,29
2eaad817_50dd.JPEG,3
e08581de_22d1.JPEG,10
ca7a98fa_5e1d.JPEG,2
d45de23d_03a3.JPEG,2
a36a030b_ba85.JPEG,12
0edb11a0_cfdd.JPEG,29
5f7d359b_5001.JPEG,2
e712e54a_3a1b.JPEG,4
4064a58a_f1e8.JPEG,21
1cd1f943_2379.JPEG,29
a32b18c3_1f93.JPEG,12
d272a263_5151.JPEG,2
c63114a8_ca0a.JPEG,7
0eab4ca5_ca6c.JPEG,13
2377dc1c_2610.JPEG,12
f4be09ee_6469.JPEG,15
dea2553d_30f2.JPEG,12
ea97b573_47c9.JPEG,0
d0973f38_4421.JPEG,29
a2f6970b_2402.JPEG,16
1735792e_de3a.JPEG,7
40877977_8446.JPEG,13
58db41a7_e544.JPEG,8
d08920fb_e84a.JPEG,27
e78e9906_0935.JPEG,12
b836dc7b_8319.JPEG,0
4b1fe570_e969.JPEG,7
4de0ed09_fa12.JPEG,23
2a3102d5_7ff8.JPEG,29
8153d18e_f035.JPEG,7
cf5f0d7b_a01f.JPEG,12
86e47fac_9c14.JPEG,19
e348f1bb_a6e4.JPEG,28
116a31b1_3479.JPEG,17
e221f2e7_f406.JPEG,6
8f6fd903_d0f0.JPEG,29
4ff5ad60_5265.JPEG,26
00cc0f59_c28c.JPEG,17
e4f28278_4eb6.JPEG,2
54b64746_e619.JPEG,11
8232e95c_d4c2.JPEG,29
b4ca9aef_42cf.JPEG,26
2ff54e11_6495.JPEG,15
d73db720_a9ea.JPEG,10
fe68063c_ff3f.JPEG,29
f28d1b20_6432.JPEG,6
6eb5d903_d92e.JPEG,29
a31df4c1_695a.JPEG,2
94305a1f_3061.JPEG,28
fa793a85_590e.JPEG,12
3a66d2d7_8a51.JPEG,29
0ae02665_9b79.JPEG,28
8726234f_5520.JPEG,2
c9628440_9dce.JPEG,19
139bca06_f1d9.JPEG,29
7098c76a_c182.JPEG,2
8dd4aeed_6446.JPEG,2
90a00545_d8af.JPEG,26
2db37750_a473.JPEG,6
5525951d_b2aa.JPEG,13
e6af2227_024a.JPEG,7
a7c0f5e6_e2bd.JPEG,28
605151e1_fdd5.JPEG,12
1d46a5fc_b1e6.JPEG,0
7f19ba4a_9471.JPEG,1
08e9f60e_5be0.JPEG,13
69058482_40d2.JPEG,26
e1544faf_17e2.JPEG,7
48a32edf_7031.JPEG,16
6c8b7c9b_a3bf.JPEG,28
a142c4c0_7f81.JPEG,13
f8856dd7_d9da.JPEG,12
e2e0b7d7_ee7e.JPEG,2
18f8e4cb_3aa5.JPEG,26
e3f2821a_9a84.JPEG,26
b3ac825f_047b.JPEG,17
86b4ee38_68aa.JPEG,15
4956495e_2cbd.JPEG,1
319f6f9e_e0e0.JPEG,26
4c887e0f_f44e.JPEG,12
6f733013_f109.JPEG,29
ad2e62e1_01b3.JPEG,28
1accd50c_c541.JPEG,29
b58dcbb4_88c1.JPEG,6
817f076c_f7ed.JPEG,17
245349e3_fb00.JPEG,26
2cbcab7a_f62f.JPEG,26
630e5106_3d82.JPEG,21
6c5b0bc1_01de.JPEG,12
0231845e_f36d.JPEG,29
af9d7378_e8f1.JPEG,26
287c7df9_939c.JPEG,29
5236c5a7_dffc.JPEG,2
08406de5_9267.JPEG,6
20665899_9650.JPEG,29
e3ce830d_70c8.JPEG,26
70414e84_70b8.JPEG,6
b4c86e53_e7f1.JPEG,7
5908d547_8d1d.JPEG,12
58f57f4f_63b5.JPEG,6
438bfdee_e781.JPEG,6
2eca08cd_5c20.JPEG,29
09f26028_4ac1.JPEG,17
b68b44fb_d661.JPEG,19
38eca680_2736.JPEG,12
39da8eb0_eb47.JPEG,2
bc1288ce_030b.JPEG,12
cf0dc7cb_4922.JPEG,29
86f13a15_2646.JPEG,13
fbd9c7b0_43cd.JPEG,8
6772b60e_80ce.JPEG,2
d3a9b142_cfaf.JPEG,0
e44934ce_fab1.JPEG,12
9c09d138_cb02.JPEG,10
5d077724_a1c7.JPEG,13
e293aab4_3c87.JPEG,0
efc7edcc_ad19.JPEG,2
21a25865_1be0.JPEG,16
bb3f8aba_f8c1.JPEG,28
aa33d2f6_8e32.JPEG,13
2c565ca6_3441.JPEG,13
6c80328c_6799.JPEG,2
562826de_b34a.JPEG,26
5036a08f_a61d.JPEG,16
471c3a33_2e33.JPEG,6
4bc4e710_e443.JPEG,2
a09bade1_61ae.JPEG,16
3a74326f_ebdd.JPEG,3
311e4001_7927.JPEG,12
5df4bb08_221d.JPEG,29
2368ff43_2322.JPEG,7
972a74ad_aefc.JPEG,17
2a816bbd_e656.JPEG,28
826bc03d_31ac.JPEG,29
3f5f8a5e_8b56.JPEG,2
a7d38c3a_a649.JPEG,3
c31c9533_5f57.JPEG,12
9307cea9_0b08.JPEG,11
29186256_ea0b.JPEG,29
71cb103e_f63c.JPEG,7
a6166271_d539.JPEG,3
8f0251b6_0743.JPEG,19
2f8ae3e1_a4a2.JPEG,28
689766c8_2cc6.JPEG,18
cbf54a33_d67a.JPEG,12
844f3a18_5e73.JPEG,6
6df3dc82_b02b.JPEG,7
781e45a3_fe2d.JPEG,12
11b5cba6_2c77.JPEG,3
83dbaa63_953a.JPEG,2
86aa3f28_4f2f.JPEG,19
1c28958e_0951.JPEG,17
3d3eab1a_99e7.JPEG,19
e2b012b9_a084.JPEG,19
4d000314_ca09.JPEG,2
8b85f789_e0b0.JPEG,22
72cebab4_b9e0.JPEG,29
e946c2e0_6fed.JPEG,12
bc027300_4e68.JPEG,13
eff581c0_08b4.JPEG,29
5602ed7b_c9ee.JPEG,29
4b05b359_3b09.JPEG,6
034075ad_df2c.JPEG,10
a2613176_081b.JPEG,22
46f06245_0f67.JPEG,26
9be8e139_ed11.JPEG,21
ae4bb6cf_ca6e.JPEG,16
a319cb78_27bf.JPEG,29
a847703a_80f5.JPEG,2
12891da0_1c3f.JPEG,2
2a697572_baad.JPEG,2
984b7ea9_fc32.JPEG,26
24f40d13_e6d5.JPEG,12
9b2a4258_f376.JPEG,17
686a8641_f519.JPEG,21
a5cbf219_3ca7.JPEG,16
4b77fe7b_7e31.JPEG,7
552434c3_4cb2.JPEG,0
9bd7e127_6357.JPEG,10
72662bd7_98ac.JPEG,10
132ed331_400f.JPEG,12
842cb7a1_1382.JPEG,29
97d3f367_93a3.JPEG,29
eb202d89_af2d.JPEG,26
79d175d8_eaf8.JPEG,29
48a08e55_f3b9.JPEG,2
c6cf88a2_c2eb.JPEG,19
b49336ae_0120.JPEG,29
d330d36b_bb8a.JPEG,21
4d462c98_d28e.JPEG,19
363755d6_2636.JPEG,2
caa91c3d_5b0a.JPEG,29
a6e52ce6_db5b.JPEG,29
1a648fdb_2a86.JPEG,7
82d292ba_9480.JPEG,17
d8f3d650_49ff.JPEG,22
6b71ecac_776d.JPEG,12
693ac594_e69f.JPEG,29
1a4683ad_e07d.JPEG,2
ec0d139f_d4a5.JPEG,2
2a030782_7b7d.JPEG,17
dd1e7fb8_f81e.JPEG,19
2713b864_6bb9.JPEG,29
cc5689f0_f019.JPEG,2
6f23684a_f86e.JPEG,22
bbdafed9_60a8.JPEG,29
6be979d4_aac2.JPEG,12
36ac601b_70a3.JPEG,10
7bfccfcd_4223.JPEG,2
a1033860_eb52.JPEG,10
c2e84e99_386d.JPEG,12
68efca23_3feb.JPEG,13
c40b90ac_ef95.JPEG,6
ef63c7a3_f96b.JPEG,2
4067e82f_00ac.JPEG,13
08f02b24_cd1e.JPEG,19
8836afc7_e48b.JPEG,16
c6f7fc8d_7ffd.JPEG,6
f9a60875_6829.JPEG,6
87c1d314_6956.JPEG,13
663796a4_f772.JPEG,29
9f4a316d_a324.JPEG,22
38ff6d2d_5fa4.JPEG,3
c8804cab_41f6.JPEG,28
3e14653d_24e6.JPEG,16
52ae0c85_ecd2.JPEG,26
f8afad63_a937.JPEG,12
535be349_3f50.JPEG,11
a2744b04_6ea3.JPEG,7
dee92104_5fc3.JPEG,17
c433c0f8_ab1e.JPEG,29
98f00866_619c.JPEG,3
066fd3f4_9bc3.JPEG,22
adf8ebbb_9bc5.JPEG,29
d8952a2a_4084.JPEG,5
1a52b54f_f1d3.JPEG,19
b906d17d_ca12.JPEG,2
6e156901_27da.JPEG,22
56b5e77b_aadc.JPEG,2
107d6902_b178.JPEG,19
c81adeb1_d69b.JPEG,29
5881cc86_3b14.JPEG,23
db0db645_893a.JPEG,12
b74ceea1_0d34.JPEG,3
9f010b2a_783f.JPEG,26
f4307c63_3e02.JPEG,22
19486b62_cc6a.JPEG,28
b9472db5_56be.JPEG,29
1120c0d7_4beb.JPEG,10
7fe880c5_aa87.JPEG,7
bc3355ec_d1aa.JPEG,29
ab820e0d_bee7.JPEG,3
a575baf2_1802.JPEG,22
547b4bab_e558.JPEG,7
e676df49_feb9.JPEG,29
aad5c62b_9c78.JPEG,2
a2c339a8_60be.JPEG,29
2e08450f_7ddc.JPEG,11
9ec17ab3_66be.JPEG,12
ce9d2a45_9bf8.JPEG,17
d646721f_f17a.JPEG,22
9001c21e_91cf.JPEG,12
4435b2ea_428d.JPEG,2
b6780e8e_bf3e.JPEG,6
7ec323b9_1691.JPEG,12
caf291b4_646f.JPEG,29
64dffa84_313b.JPEG,2
e6190825_4d5a.JPEG,12
96c74aa8_3820.JPEG,1
842459f6_794e.JPEG,12
213e4678_bd28.JPEG,3
313ea04d_5447.JPEG,16
a86b49da_91b6.JPEG,10
451a403f_ad75.JPEG,10
2ae7aaa0_9b5d.JPEG,1
50f977dd_adef.JPEG,2
a6a4307a_39c8.JPEG,3
a1675ba8_7877.JPEG,13
91e8f933_01a2.JPEG,2
e299279f_f90c.JPEG,16
52494510_ffa4.JPEG,28
a6a0c84f_340b.JPEG,10
18262247_1f6f.JPEG,3
a0415f4b_fce9.JPEG,17
f65b7f18_8ccd.JPEG,12
08fce536_5c11.JPEG,29
56460cd5_ba66.JPEG,12
f8aa72e2_49b5.JPEG,29
afa7e11c_536d.JPEG,10
d02a4e07_8f8a.JPEG,29
b48ff283_c7fd.JPEG,6
d43c4fb4_59b0.JPEG,0
ac376391_d9d8.JPEG,6
494532cf_3005.JPEG,28
b102ac48_e8c6.JPEG,3
09f9737f_8634.JPEG,22
6ce882e2_57d6.JPEG,29
fce542c2_2d68.JPEG,19
70913c85_5bc5.JPEG,3
f21c34c6_f3a9.JPEG,11
cfa2a3e7_9713.JPEG,13
7b701377_1fdf.JPEG,2
e66be35f_dacb.JPEG,12
01ac3da5_388c.JPEG,2
58b3e184_fd87.JPEG,13
fbf113df_d377.JPEG,29
3d1b1f86_4fc0.JPEG,7
cbe65fb3_b64a.JPEG,2
bb79ae30_cb47.JPEG,21
a2762a70_c6dc.JPEG,9
0e5cd4ca_be2f.JPEG,29
32dab9cc_cac2.JPEG,3
3bf017ee_632c.JPEG,26
744e588e_212f.JPEG,16
32657308_f9e9.JPEG,26
49a6ff9f_eb54.JPEG,13
4c47361e_21db.JPEG,22
6c631f5d_6a29.JPEG,27
5fbb5267_23ac.JPEG,26
e0f87e1d_6644.JPEG,12
2711149f_58cf.JPEG,29
2b52e6ac_3939.JPEG,6
d44835bf_7579.JPEG,7
d2737003_8613.JPEG,2
97023582_bc09.JPEG,26
64bb61e6_5b66.JPEG,2
a08a76fa_5fd5.JPEG,17
4bc6e5d1_0daa.JPEG,10
bee64f39_c905.JPEG,3
23db050f_fde9.JPEG,3
58a74deb_e696.JPEG,12
e5cee731_0492.JPEG,29
dab3221f_a158.JPEG,2
339dc0b5_dd78.JPEG,19
094bcd98_ce9d.JPEG,29
1072bd5f_8dcc.JPEG,23
e7195185_3607.JPEG,29
88a3667f_0270.JPEG,12
2f3bdf6c_d213.JPEG,6
ed44c213_4292.JPEG,6
309b8de4_c569.JPEG,12
33b69720_78d7.JPEG,6
49c6e9de_2e7b.JPEG,26
ab63c06f_b7b8.JPEG,2
d25f6c97_f1f8.JPEG,26
5715f186_9b98.JPEG,15
dc166f0f_f928.JPEG,2
1347c800_f6dc.JPEG,17
ec4af1fe_8730.JPEG,15
9eebc114_8092.JPEG,0
365ac804_31c6.JPEG,12
cc06c81b_fdce.JPEG,22
5bb1a62e_75aa.JPEG,29
eb5e9b4e_32f8.JPEG,10
e071d764_0cc0.JPEG,12
fd9eafc2_2e2e.JPEG,29
35f99a27_be09.JPEG,29
96203c83_65ac.JPEG,29
42b95737_ce1a.JPEG,22
f3ae74ad_bf95.JPEG,10
aec0c360_5a82.JPEG,2
2e5ff95d_4f15.JPEG,2
84db50c3_9bb1.JPEG,1
f47bed90_f7e0.JPEG,27
2bfb0d7c_ff6f.JPEG,13
a6a4d04d_b43e.JPEG,17
be45479c_1cc9.JPEG,2
eeeea9a9_bbf6.JPEG,26
574081a5_7226.JPEG,12
79b49059_b118.JPEG,21
eaac56d4_abe4.JPEG,17
98b7db88_2ac0.JPEG,1
73128b3f_ec4d.JPEG,2
54555700_f930.JPEG,21
90316abf_3aab.JPEG,29
062fa290_d469.JPEG,23
1c16e7a6_e91d.JPEG,29
2fb47900_64eb.JPEG,6
46b16304_087e.JPEG,29
0df704a8_4380.JPEG,29
db8bb74a_9380.JPEG,3
5e72627e_7207.JPEG,22
42ff4769_768f.JPEG,19
2f719cee_c15f.JPEG,29
ef947c3d_8ac9.JPEG,22
04f853fc_2ae3.JPEG,2
b4ba76d8_97e4.JPEG,13
c1e26fbf_9b11.JPEG,29
300653b4_91ac.JPEG,6
9da844c1_cf72.JPEG,12
ca1b5107_fded.JPEG,3
a6936977_9275.JPEG,22
af82c128_80ec.JPEG,12
cef3a576_3a30.JPEG,6
4355b9cc_a5ff.JPEG,2
aa5d7246_bc07.JPEG,3
735f766e_da1f.JPEG,2
9fca8315_b2b4.JPEG,19
27d8f307_d6bd.JPEG,12
27b6dcea_180f.JPEG,29
e0f7ef07_8579.JPEG,13
3aa8dea2_a275.JPEG,29
17793b59_91d7.JPEG,13
9384ccdb_1d62.JPEG,29
718c0c6b_c99c.JPEG,29
9b93e5cf_ec0a.JPEG,23
d1ada698_f4d8.JPEG,0
9d994eff_943d.JPEG,13
bbe4895f_40bf.JPEG,29
0c01c54d_7adb.JPEG,23
c295c6f2_3a2b.JPEG,29
abd1ef08_3196.JPEG,16
a9a847be_b249.JPEG,29
a78295e8_617c.JPEG,13
631f2256_b11b.JPEG,17
10498dfc_c9bf.JPEG,10
231e549c_6783.JPEG,26
74bc0396_e2d2.JPEG,29
0b8fec4c_8a2e.JPEG,6
cfdfd8e7_e31b.JPEG,11
a43d8bf2_b517.JPEG,2
da0633ef_5178.JPEG,29
faa192de_0094.JPEG,12
9fe90a38_3674.JPEG,26
7130899e_8021.JPEG,26
2f3317a9_c4ad.JPEG,22
245a50e8_1414.JPEG,2
ecbcb2d5_8f9c.JPEG,29
fcbbf805_7c05.JPEG,2
f2f26b1c_29ad.JPEG,17
48e06804_8d23.JPEG,12
46ad1fd8_0986.JPEG,17
b767ca86_adca.JPEG,29
76da5f4d_eba0.JPEG,0
91cbacd6_b4e0.JPEG,3
46d79d3f_4348.JPEG,19
ff0008ab_daa6.JPEG,18
caa9dd5c_b55b.JPEG,6
579c3455_1488.JPEG,12
dc6917ba_a6f7.JPEG,6
b5b8a6c7_f3aa.JPEG,7
6014f6ed_56dd.JPEG,12
9078ce80_dc94.JPEG,29
b308335f_15c8.JPEG,2
61bcba26_2f20.JPEG,17
3b254b74_a28c.JPEG,0
7fa796db_9756.JPEG,12
8cf6df8b_a8c8.JPEG,2
5ba44f6e_907b.JPEG,2
cd4cbe58_e9d2.JPEG,22
68cfafa2_4960.JPEG,2
fc26479a_9811.JPEG,12
0c604c60_2854.JPEG,0
e66e143f_b167.JPEG,29
0dca6fe1_b5c9.JPEG,29
205d798a_eec2.JPEG,12
965dd65a_fc08.JPEG,10
d203e64d_dc4e.JPEG,2
4bcf9bed_7c56.JPEG,2
ff3c0445_3966.JPEG,12
15047b91_5b5d.JPEG,16
d7b111a2_7e0d.JPEG,7
bba3f387_49d1.JPEG,2
f2c5213e_cc46.JPEG,17
8a72896d_bb00.JPEG,2
d704c7de_d88f.JPEG,29
72ceb726_9aa5.JPEG,13
0c7df704_13ce.JPEG,6
94414920_5863.JPEG,19
707088a0_bdc1.JPEG,29
ea12c411_2e65.JPEG,26
1ec20470_d3df.JPEG,7
0584f303_b2c2.JPEG,26
31d39f21_076b.JPEG,28
0ca9797d_2943.JPEG,12
3b18f9b2_6b2d.JPEG,6
23b86ff4_50bf.JPEG,29
6a55f33c_d181.JPEG,26
130db487_c627.JPEG,26
b7d3c7cc_399a.JPEG,13
7bf90219_a09f.JPEG,11
db3409bc_ca1f.JPEG,29
18999d83_d6bf.JPEG,3
33330d0a_c108.JPEG,29
50f32de9_6711.JPEG,12
6c19e845_ceb5.JPEG,28
129299ba_7a83.JPEG,6
3e793df6_b3e1.JPEG,12
3dd9f5dc_0e57.JPEG,6
96794e8d_55d3.JPEG,28
6614822f_fc03.JPEG,12
f78568e1_ef60.JPEG,29
cef78093_5d23.JPEG,2
dcddf2c3_6de9.JPEG,2
b087221f_edb4.JPEG,17
c8eca1ca_cbf6.JPEG,29
9d62e9e1_6916.JPEG,29
2b0cee6e_9c69.JPEG,17
270cac39_8315.JPEG,12
b18692cd_10b0.JPEG,29
b08cbfd2_0ca2.JPEG,12
449cb139_7524.JPEG,6
e4f65129_41e9.JPEG,10
467a62f3_0f9a.JPEG,2
21b83f6d_1b9b.JPEG,29
e5292cdb_8ee1.JPEG,22
53d03f91_6520.JPEG,2
3ffb9a01_a7db.JPEG,2
d7f25e4b_2cdf.JPEG,19
b567906f_ec83.JPEG,1
35929ce6_c23d.JPEG,16
1556c90f_a569.JPEG,2
c92f6d54_c181.JPEG,17
47b1634e_6142.JPEG,2
70e47803_c7b3.JPEG,26
a7947f0a_a6f7.JPEG,29
d63bbe19_33e6.JPEG,11
03857667_542b.JPEG,29
64f8e9ef_9025.JPEG,2
0e63903c_5e30.JPEG,10
154f008f_9fd9.JPEG,3
80c4345d_88b2.JPEG,1
4dde5fab_6545.JPEG,2
7b7c0d66_d598.JPEG,12
b75bce87_f74b.JPEG,29
94a1174c_c504.JPEG,29
1a4119c5_1a53.JPEG,2
386afb57_4a8e.JPEG,26
92d41c2a_75b6.JPEG,14
5a50cb4a_9070.JPEG,19
9016b72d_a407.JPEG,29
5ef47323_94af.JPEG,3
e27fdd27_3b1a.JPEG,19
36817488_7277.JPEG,12
327a50da_41f8.JPEG,6
d79eac26_8f15.JPEG,3
d09b3132_2e5c.JPEG,0
1ddb5d45_6348.JPEG,6
5a9616d8_82de.JPEG,20
7af2a07d_080f.JPEG,1
2a99a71f_a58b.JPEG,29
5843325c_4fb0.JPEG,2
78fbd2b8_19de.JPEG,2
6583a0f2_31d6.JPEG,17
4aa5f41a_6b64.JPEG,13
587aa398_5c0b.JPEG,2
98327aae_7f29.JPEG,13
dfa685fd_de6c.JPEG,12
97d18505_64f1.JPEG,29
c24ca075_d9a3.JPEG,12
af27a74b_9eea.JPEG,2
1ca29731_6750.JPEG,29
c5ac96bd_19f3.JPEG,2
c02e62ab_ddb4.JPEG,13
6496a455_2596.JPEG,11
b3600248_2146.JPEG,22
c037c735_a0c0.JPEG,26
723daaff_7219.JPEG,26
c08a2c09_b90b.JPEG,29
fdb3ed9f_031c.JPEG,11
c93adc21_0254.JPEG,10
aa059264_993c.JPEG,22
92da2562_33f8.JPEG,14
344b997f_7700.JPEG,26
5029002e_b42f.JPEG,3
f31d13a5_dd38.JPEG,16
37ea549a_64f6.JPEG,2
a83d572d_3e3e.JPEG,10
02ca680c_05f8.JPEG,12
353ab6e8_386a.JPEG,1
25b36ad2_0d3e.JPEG,3
7e2929e6_dfc1.JPEG,2
c1a47d72_731b.JPEG,17
7d6ed583_9492.JPEG,2
81ff2233_fad6.JPEG,28
23a5a083_e360.JPEG,10
23eed59c_135a.JPEG,3
ffeb889c_dc4d.JPEG,22
79563e38_de55.JPEG,12
b661d364_ffcb.JPEG,16
0c26df4c_5166.JPEG,23
6a3b406f_b814.JPEG,15
166abd7a_fd34.JPEG,22
e2b3aa17_bc61.JPEG,29
fe17db74_5c79.JPEG,28
890a9e44_3831.JPEG,0
75f77f69_85fd.JPEG,6
438db41e_bb18.JPEG,12
f2c8f3a4_c989.JPEG,10
76978129_c38e.JPEG,22
c40c0c0e_f59a.JPEG,2
ef76dbfd_a0d9.JPEG,13
8a50d525_75f6.JPEG,12
4232bfc4_f7cb.JPEG,3
1db40a7c_3b7c.JPEG,2
8379c4c9_02e2.JPEG,29
3d63b650_c76a.JPEG,22
5e104b5e_2176.JPEG,29
7a91e5a0_c0ca.JPEG,12
2e14a1fa_b0aa.JPEG,6
0dc50700_484b.JPEG,2
9206998a_0e84.JPEG,7
a6c95c9b_e22f.JPEG,6
1232b894_0419.JPEG,13
2ce96038_cebd.JPEG,10
efecb39b_ce4c.JPEG,2
aef8272a_fb4b.JPEG,17
c1580739_af33.JPEG,29
92e6f67b_156c.JPEG,16
29a793ec_8dad.JPEG,13
641edeec_63aa.JPEG,3
fca4ef12_191b.JPEG,12
85f2b4bc_e2b9.JPEG,26
6cb91a32_9cd4.JPEG,29
7bf11073_49aa.JPEG,6
2e2669d2_9712.JPEG,11
37aa66a7_a7f8.JPEG,19
c821113c_f28d.JPEG,2
12732b95_e758.JPEG,12
92502731_4757.JPEG,29
34d02595_f152.JPEG,26
b2957267_b4c1.JPEG,22
017bb00e_55c6.JPEG,29
3871ab64_e922.JPEG,17
6e305079_904a.JPEG,29
bf7ebcf5_2c1a.JPEG,29
242ce88d_56a2.JPEG,22
781f7ef1_1c8c.JPEG,19
ee8c96ce_08c1.JPEG,2
1b5ba4d0_1196.JPEG,12
cb49f2a6_1fec.JPEG,12
57aa436f_cb67.JPEG,19
c345c600_6506.JPEG,0
731f39e2_cf7a.JPEG,29
1686928a_85f6.JPEG,12
4c66f2d0_5b0f.JPEG,10
4ef9278e_8890.JPEG,7
e0cc7520_6812.JPEG,13
c955c081_4b76.JPEG,3
9aed7938_21b4.JPEG,3
e5e64630_dc49.JPEG,2
244dab7e_37e2.JPEG,17
aee55e95_3758.JPEG,26
d72adff7_69c5.JPEG,7
581127e3_dfe7.JPEG,2
969c28cb_ff44.JPEG,12
872203af_c278.JPEG,18
56644db2_744c.JPEG,12
7b0ac251_8a9f.JPEG,29
0cf25cf9_9a7e.JPEG,29
6a0e7623_7069.JPEG,2
6b71c3c9_106b.JPEG,26
6038b1dd_1e08.JPEG,22
4e147b69_ac20.JPEG,22
d10c6b37_b4f9.JPEG,2
2e9e835b_14b5.JPEG,7
65d64f22_0f31.JPEG,11
021e79f9_428c.JPEG,16
d32f0002_3441.JPEG,10
c3fd7650_b904.JPEG,7
7743080d_4ab5.JPEG,13
42e1c236_ebbb.JPEG,18
e5859fd9_1c6a.JPEG,7
3caffeb6_04ba.JPEG,0
0ce7533b_7de5.JPEG,29
ca901818_cfd0.JPEG,15
2f9ea616_941a.JPEG,7
7a8f5dee_2928.JPEG,7
586fac03_c0b1.JPEG,2
95c1cabb_e8d1.JPEG,28
63fe3517_098a.JPEG,29
ddf33e95_79a6.JPEG,29
39d02cf4_238a.JPEG,10
dae27b98_697c.JPEG,27
2fff4145_7d91.JPEG,29
920bc351_617a.JPEG,13
f9f51fff_cbb2.JPEG,11
85759b7c_a6dc.JPEG,29
ed61ea43_1806.JPEG,12
7695a330_8fe9.JPEG,29
caa298df_d350.JPEG,19
787d0e4b_1f85.JPEG,28
0ce44a18_ee45.JPEG,29
89d60a16_4103.JPEG,12
012f1624_cf5f.JPEG,29
31ed4529_c8eb.JPEG,7
f3f4727a_57a2.JPEG,12
066c63a5_54bb.JPEG,28
28bdbe2b_e59a.JPEG,0
feb0e053_ddb1.JPEG,2
02b18219_101a.JPEG,6
582b7a6e_19c4.JPEG,12
fb6fb8cd_12d8.JPEG,2
efba08e8_9cb3.JPEG,2
fcd8c9ed_0168.JPEG,22
fe9cc471_91c7.JPEG,29
89371a5f_60d1.JPEG,13
a73fb6fc_133e.JPEG,22
8d4fe9d8_d672.JPEG,29
85d92299_0256.JPEG,19
5d72cd16_ad4f.JPEG,12
c500354a_dd74.JPEG,2
5bd9194e_2108.JPEG,2
393596b6_9023.JPEG,26
46c571e0_a64d.JPEG,6
46244dcf_8431.JPEG,16
52ea0a46_7635.JPEG,28
35794b8b_48ce.JPEG,10
ac6a97cf_3fe8.JPEG,29
8f19a6d0_7a18.JPEG,2
1b7a7b20_3034.JPEG,22
ac2d7f8b_022e.JPEG,2
a624f52e_54dd.JPEG,13
d0ac1579_9259.JPEG,26
f99d098a_bf06.JPEG,29
c423b4b9_73fb.JPEG,3
75e0157a_910c.JPEG,19
48524e61_1d09.JPEG,2
8976b67c_0f91.JPEG,13
8f92306a_8be3.JPEG,12
e03f69c6_4b73.JPEG,6
86088e7c_4273.JPEG,29
48bf79a1_b528.JPEG,29
0bf3f391_fb71.JPEG,3
f386d114_0809.JPEG,29
628d434f_ab41.JPEG,12
a7eb75a9_8e03.JPEG,29
cbaa5ae1_ff64.JPEG,26
b40b631b_c221.JPEG,26
12566919_3e2f.JPEG,12
7d6e2bef_de0a.JPEG,6
b10793b1_07ae.JPEG,3
039d6fc1_24d4.JPEG,12
ea334357_4823.JPEG,6
bb328c44_62d7.JPEG,6
6da1fdc1_4556.JPEG,17
bff7e71c_81f2.JPEG,28
692ff349_26eb.JPEG,6
ab7dc0c1_0d8c.JPEG,2
4452b077_0739.JPEG,17
439c3323_420a.JPEG,11
6a48c4ed_8dae.JPEG,12
0e50e839_af59.JPEG,2
03bbbd08_965e.JPEG,22
17486e26_d607.JPEG,29
8467ef2b_0f1f.JPEG,10
bf444377_7601.JPEG,29
f29b646e_5e4d.JPEG,29
bc58b100_8914.JPEG,2
22516300_5960.JPEG,17
0d27512a_8511.JPEG,29
cae0e25b_6a4f.JPEG,2
ca79d6c6_f99f.JPEG,2
8c9ef00e_701a.JPEG,2
9aa7c4e4_b90d.JPEG,1
2d79cf99_eb5e.JPEG,15
746d4276_4d45.JPEG,13
ac3343c6_94c6.JPEG,17
cde8daa1_6afe.JPEG,2
66a28f0a_d0ca.JPEG,29
0fb4d5cf_0112.JPEG,12
68d541fd_cb5b.JPEG,22
8b3e77b4_b916.JPEG,6
79bb81ac_313e.JPEG,7
43118381_2651.JPEG,15
c92291ab_13e3.JPEG,26
be1a1034_8bea.JPEG,1
574d962d_2db2.JPEG,2
37fdd1a9_905d.JPEG,22
d9a75f78_7686.JPEG,29
e9563e46_2485.JPEG,3
c2e9ad4d_d0c9.JPEG,22
a5755293_dcdd.JPEG,26
8ac978c2_3954.JPEG,0
4511a752_3869.JPEG,12
aa66358e_3b56.JPEG,2
8970a2cd_0765.JPEG,26
a3a6f145_a145.JPEG,19
312edcd0_ab4f.JPEG,12
0de291a9_6140.JPEG,3
ab12da81_2aff.JPEG,3
76acd5e3_2561.JPEG,21
0ae03fbb_5363.JPEG,13
87e8f965_c41f.JPEG,7
bf79a358_15c8.JPEG,9
9972e7f4_b80a.JPEG,3
caab1005_3260.JPEG,2
cbce06c7_6900.JPEG,2
a3cab62c_712a.JPEG,29
8f21e3f5_b50e.JPEG,13
0e08f7d3_b8c2.JPEG,0
579114c9_0386.JPEG,23
930a94aa_14d7.JPEG,12
b6896dc7_c0d1.JPEG,29
564a5ee4_2998.JPEG,12
257249b4_4a52.JPEG,0
e2cbe75e_8b39.JPEG,10
840873d9_7267.JPEG,12
652a805a_9528.JPEG,12
63b7487c_7fc2.JPEG,13
ac7b0a74_5565.JPEG,29
6abce8e8_0d91.JPEG,3
0a547c95_69b1.JPEG,28
42561099_03e4.JPEG,29
7f751fe9_144d.JPEG,26
701a6b58_ec43.JPEG,10
4704307f_7d52.JPEG,12
5491876b_8669.JPEG,2
38df3807_0c2a.JPEG,3
52c338a0_ad3e.JPEG,13
eb90f280_88b0.JPEG,13
50097fbb_f8da.JPEG,6
5fcf4029_54cc.JPEG,2
4010b23f_c1d1.JPEG,2
787f49f0_a5c2.JPEG,20
dbd2d97f_d52c.JPEG,26
455c09e9_ee75.JPEG,28
ea72008f_29f6.JPEG,29
6fc5b5fd_e485.JPEG,6
1a89c2ba_d997.JPEG,29
9ddcbc5c_d0f5.JPEG,29
fe0cb920_d0dc.JPEG,26
b8b12a05_635d.JPEG,12
5e971b9c_f9b6.JPEG,17
83be001d_b494.JPEG,29
5832b3d8_2b27.JPEG,12
b8259f40_6a23.JPEG,29
c82abbcc_9abb.JPEG,19
4360a45e_8e52.JPEG,29
cfb2bb87_e2d5.JPEG,2
8ab777fb_a217.JPEG,12
b7bb3acc_6ece.JPEG,17
e30968d9_494e.JPEG,29
a0488f99_c5fe.JPEG,3
443c2a21_80f4.JPEG,7
d77dcdec_bbdc.JPEG,23
3473b6b6_d17b.JPEG,19
4be2de4b_8dc7.JPEG,6
f4a8b2ff_640e.JPEG,29
ff151b7e_d09f.JPEG,12
e4defe12_7deb.JPEG,2
d3a682f7_c91f.JPEG,29
bdec25c1_9b20.JPEG,0
d9440518_25c1.JPEG,22
e1b756b9_0925.JPEG,29
23534364_055c.JPEG,7
d0ec2838_a515.JPEG,3
659e20f6_3386.JPEG,12
fd1b7518_e670.JPEG,2
018ced7c_cd98.JPEG,13
860fe4ec_6212.JPEG,10
021aacf4_70e6.JPEG,16
a530f810_080e.JPEG,16
a5555a49_3e66.JPEG,28
0e5fe93b_cc58.JPEG,2
e3b9deed_9712.JPEG,29
14e559d5_9b7a.JPEG,2
52e34ccb_e864.JPEG,3
3b1dd24e_335f.JPEG,13
eab017a8_dc8d.JPEG,22
08ca0b44_3ab1.JPEG,17
1ced1830_db47.JPEG,2
23e86911_f878.JPEG,1
9ee15eed_3996.JPEG,26
0ce6f9d7_7b3a.JPEG,29
6ce5d264_5654.JPEG,2
6ac8d1ca_6cfa.JPEG,2
0bcded0d_65ef.JPEG,29
75921779_d291.JPEG,29
2be8a77a_ae93.JPEG,3
83f0e7f3_9297.JPEG,3
ccf13e96_0ae6.JPEG,10
3b37fcfd_72e1.JPEG,17
761a3563_f365.JPEG,29
b4e7dd33_0505.JPEG,22
28918e02_0db9.JPEG,3
5df16518_14e1.JPEG,19
082f7e6c_aacf.JPEG,29
8818fc2a_63fc.JPEG,18
9bdcad75_5d98.JPEG,26
0b232170_5426.JPEG,6
c2652bbf_e9e6.JPEG,7
3b6d8f50_09e4.JPEG,12
2d0a1a49_38ad.JPEG,13
99af4606_1ce1.JPEG,28
36f14293_d642.JPEG,29
49147ebb_34e4.JPEG,26
9045a272_c0da.JPEG,26
98075785_774d.JPEG,2
60dc62d7_5f9d.JPEG,2
bc9918f3_6caa.JPEG,14
5b7900f1_7de8.JPEG,2
5239cb35_03b5.JPEG,29
74c22886_c2df.JPEG,23
ff5b3540_6090.JPEG,28
f3f07a34_37bc.JPEG,13
6cda1a1d_30b1.JPEG,13
5f94c8fc_853f.JPEG,19
d440225a_14c1.JPEG,2
76e8901b_f5bf.JPEG,2
c1e66980_967d.JPEG,29
695701f0_0c85.JPEG,22
fca46dc6_ce08.JPEG,29
013b6458_ebee.JPEG,17
dcbb8a3c_16f8.JPEG,2
46de4c3e_85f0.JPEG,14
7b900ab6_2dff.JPEG,2
84176dee_a777.JPEG,13
b0deb61d_85dc.JPEG,6
478c8c07_80cb.JPEG,28
d34a150b_0fe4.JPEG,27
2d11742f_49f2.JPEG,28
ee08f842_0f8e.JPEG,26
1bdc8515_1d85.JPEG,29
b31f291a_7c51.JPEG,29
2d81f1b3_a35c.JPEG,12
4b147419_b797.JPEG,29
38a57023_74ed.JPEG,3
34636ed1_1dd3.JPEG,12
17d93857_a62a.JPEG,18
5007acd3_4ed1.JPEG,22
88ee114c_7273.JPEG,12
994f63aa_e4e7.JPEG,10
1f4f2f6c_7de7.JPEG,3
e0fe549a_f478.JPEG,3
da01d0f0_4118.JPEG,26
b9120831_5005.JPEG,3
16168638_0003.JPEG,18
52b48e8a_6e58.JPEG,12
3cd78dc8_37be.JPEG,23
b113b4b6_7ac2.JPEG,28
90656829_c117.JPEG,22
e3120c50_fa52.JPEG,28
41501aaf_cd2d.JPEG,28
b0430235_1816.JPEG,2
e91ee721_4d5b.JPEG,2
6e4f3b28_478b.JPEG,12
2ca4f47f_c61f.JPEG,26
067ad419_04ea.JPEG,2
7c3753bd_771d.JPEG,12
ba6ad04f_52e7.JPEG,29
0a32f209_1b6e.JPEG,10
84ab56c4_3da8.JPEG,29
2134c7c8_877a.JPEG,6
7529549e_8aa2.JPEG,3
aef79fbd_3e83.JPEG,2
6f59888d_3103.JPEG,2
b8aa2938_d2dc.JPEG,10
09adcb5d_e59f.JPEG,29
e1b7b058_2b1d.JPEG,10
f83769c5_1c1b.JPEG,16
1e5d0301_43f5.JPEG,29
6b823ad4_23eb.JPEG,13
2573eaa5_e6a3.JPEG,17
fd971625_90d2.JPEG,13
655de488_4f7a.JPEG,29
97b23868_a1ea.JPEG,12
10be184e_d085.JPEG,29
924e7afb_b201.JPEG,6
181613e2_bd70.JPEG,29
2ed3125c_5364.JPEG,28
ece81d19_6443.JPEG,26
6acf6d49_04c3.JPEG,2
83056104_3076.JPEG,22
d4d5210d_78d0.JPEG,12
d7bee0a6_47dc.JPEG,3
56055ee4_c909.JPEG,12
27b5dd75_ea98.JPEG,22
245c9ad4_90f2.JPEG,26
458df749_f72a.JPEG,22
a5f3780d_dfa7.JPEG,12
75fe8489_ca50.JPEG,2
367e692c_2049.JPEG,3
de913696_9ff7.JPEG,29
030da6f6_6fcd.JPEG,12
a023252e_f7fb.JPEG,20
26797b8d_e89d.JPEG,29
016330f6_4c40.JPEG,12
adf55bb3_3f55.JPEG,0
28142e51_7809.JPEG,28
4dcfe40c_0341.JPEG,13
b1efa7dd_2b27.JPEG,3
efe0face_01b4.JPEG,24
8b477992_6f68.JPEG,2
154340ed_5bdc.JPEG,2
a24e1ad6_1750.JPEG,12
291a8571_5688.JPEG,0
858a153d_8ede.JPEG,12
d8ef2392_7960.JPEG,12
4bad1a46_67d9.JPEG,29
ab22281e_21f9.JPEG,10
0ad55c32_0758.JPEG,29
b15fa5ce_1969.JPEG,2
919866d8_e971.JPEG,10
beb14eb4_2235.JPEG,12
8d4e15c8_829f.JPEG,10
f5bb3073_5b1a.JPEG,29
99f8d1d4_c048.JPEG,2
fb18e748_41a3.JPEG,0
5c4504cd_8cff.JPEG,17
99eaa4a5_7fee.JPEG,26
91706c38_1f65.JPEG,13
0f2d3b11_86a6.JPEG,17
25b5fd91_1283.JPEG,10
5491a3cb_8d3f.JPEG,14
f4631b27_7a36.JPEG,2
559c6924_69c4.JPEG,29
164bd906_ae2c.JPEG,2
8e5e1e54_73b5.JPEG,2
5c05c452_2653.JPEG,1
fc626e03_02d8.JPEG,26
0d4f61e4_57e5.JPEG,19
3dfd5c87_19cf.JPEG,23
ac77f8f5_0c55.JPEG,19
3b562f36_4ff6.JPEG,29
def4e073_791d.JPEG,2
c0474ffc_9dee.JPEG,2
695ccefb_7cd4.JPEG,2
7daacb63_0800.JPEG,22
155dec18_0480.JPEG,7
b32ed140_5094.JPEG,29
4517ffea_c10b.JPEG,12
bd16fda1_e9ed.JPEG,3
df77633c_c527.JPEG,2
1f91aed7_79d3.JPEG,27
0bbf9645_b4e1.JPEG,18
b64446bb_a282.JPEG,26
c60245e7_ce39.JPEG,6
9de2ebf3_2904.JPEG,16
9a966d84_9f15.JPEG,3
0f053120_acbc.JPEG,29
382b4ec3_f8d3.JPEG,2
f46fee7e_36b7.JPEG,19
2106733a_6223.JPEG,19
d9f11f81_d9f7.JPEG,29
36e2f1d5_db78.JPEG,2
27d9124d_1162.JPEG,22
5fecbff1_f278.JPEG,12
bccf1a2c_0daa.JPEG,2
5b9e890c_c819.JPEG,12
a3911059_60fe.JPEG,13
f2fa2732_ddc2.JPEG,22
d4e7767e_d512.JPEG,12
0524000b_beb4.JPEG,12
8750f7b0_1093.JPEG,10
0688cbd3_6fbf.JPEG,22
56345844_8fea.JPEG,7
9244caf3_b7bc.JPEG,7
8ffbfda8_d3a1.JPEG,12
2aa809a3_a2b3.JPEG,29
088cb239_4edd.JPEG,13
c77dec82_da91.JPEG,12
0935106f_eeea.JPEG,2
6a879a40_ab2d.JPEG,21
69607de3_1647.JPEG,16
15b06454_431b.JPEG,28
4bfee003_5950.JPEG,23
c90358eb_f55b.JPEG,26
697b9cc2_a70a.JPEG,2
4e1078b1_90c6.JPEG,29
4e3cd498_1197.JPEG,2
1064abf3_e77f.JPEG,18
01e03add_a6b3.JPEG,29
491d35ea_4f33.JPEG,6
4a4146c5_3798.JPEG,29
af9fafa6_4abd.JPEG,29
c013326c_e51b.JPEG,3
d51dd26e_9a5d.JPEG,16
f49186ac_d0fe.JPEG,12
414eb77e_932c.JPEG,29
8ca489e1_12ba.JPEG,7
8baaf599_c370.JPEG,26
56294e5a_3cac.JPEG,7
c8a2e25d_25af.JPEG,2
c84262d9_bc63.JPEG,18
15f28e55_4a7d.JPEG,26
22f77805_6aac.JPEG,6
05d3ade4_2301.JPEG,0
4ce2a7f8_3cad.JPEG,12
1173a2fd_fed6.JPEG,2
2c6b9a8e_02a9.JPEG,28
a6d9bf90_2beb.JPEG,26
99ea99aa_fc1f.JPEG,19
c5ea27e6_21c0.JPEG,3
d18b5bbe_aa8b.JPEG,2
0f374a2d_cf9e.JPEG,1
361c95ac_dc63.JPEG,7
f5fa8a84_74ed.JPEG,29
585bf147_cd64.JPEG,15
aaa93d55_936e.JPEG,28
ab315ea2_dd08.JPEG,20
f4ed70f6_1ee1.JPEG,12
717079c4_d489.JPEG,12
cd827434_fa55.JPEG,9
f2702b35_b81d.JPEG,13
181be9d3_e352.JPEG,0
2749c09d_10f1.JPEG,29
cae3757d_068d.JPEG,16
9673fe66_4432.JPEG,28
8c522022_c531.JPEG,13
a27a118c_39dc.JPEG,29
6944c5e1_1ee7.JPEG,1
52c77703_d135.JPEG,12
cd5c18e5_e699.JPEG,12
b66d28af_c7d7.JPEG,12
61058ef1_7579.JPEG,29
077969e7_23fa.JPEG,29
d1035632_1960.JPEG,29
df86c408_aacc.JPEG,26
5bfcce79_68ff.JPEG,15
ff1e4f2b_5114.JPEG,23
ccf9e88c_b624.JPEG,26
e7bf2cc4_bed0.JPEG,29
dd04db55_ec92.JPEG,29
c3afc90b_f4be.JPEG,7
bcb43769_c953.JPEG,3
a2bc30c9_4c9f.JPEG,12
e27bbdc5_905b.JPEG,7
7a2848e7_114f.JPEG,29
40709a04_fc23.JPEG,23
b28da628_bf8e.JPEG,3
947beb63_2e75.JPEG,2
551a5dcf_8399.JPEG,29
8677335a_fa75.JPEG,6
32eb1ed0_1d03.JPEG,12
7da6ccf0_e253.JPEG,6
76c62eb0_4f20.JPEG,16
6edb42c1_2472.JPEG,3
8ccff3fe_149b.JPEG,28
b221c75f_e8bb.JPEG,7
690bf3cc_79f1.JPEG,19
809038f7_5844.JPEG,2
050c24d2_4c10.JPEG,19
2c9d9bc4_b8ef.JPEG,23
1629082c_e40f.JPEG,2
059ee125_0ebc.JPEG,19
63933c4c_6ce0.JPEG,10
7e18bce3_23e3.JPEG,12
7fbe2c63_b16d.JPEG,13
23dcca68_b677.JPEG,29
4edf4ee5_4311.JPEG,2
166f16c0_89b9.JPEG,17
b1e88088_3da7.JPEG,29
54fe6101_ff59.JPEG,2
7bc8a73e_789e.JPEG,2
611ee6d9_ae05.JPEG,11
781661e8_05f0.JPEG,1
be9dc6a0_19b5.JPEG,29
8f75fc82_f151.JPEG,2
7a43a350_2176.JPEG,17
bb175ca6_3278.JPEG,12
be70f7b0_03e4.JPEG,18
c3bf74c3_3aed.JPEG,22
9e7b9c5e_89b9.JPEG,3
6767d0dc_caf6.JPEG,11
440d8198_d355.JPEG,16
1dbffb5d_acdc.JPEG,29
abd1d273_66f9.JPEG,12
3a86a356_06bc.JPEG,29
b92d5203_ce37.JPEG,29
c44d995d_46dc.JPEG,12
44d240a8_8da4.JPEG,29
e40925aa_44af.JPEG,3
02e42e2a_2d54.JPEG,26
558f05bd_243f.JPEG,18
12dbcd4d_e873.JPEG,1
4a36f5ed_b0b7.JPEG,13
c89b4a77_233b.JPEG,29
a6f4ac34_c56c.JPEG,26
b4b06206_bf51.JPEG,19
e3f8a80c_6dce.JPEG,12
c4549e04_6b9e.JPEG,6
a7e460a5_b1a7.JPEG,28
e595b3a1_0310.JPEG,0
75bbc003_d05c.JPEG,6
24deccdf_440c.JPEG,3
581cfd09_a94f.JPEG,9
8421428a_c2f3.JPEG,6
fc32e698_83d5.JPEG,2
d4d96e99_66b4.JPEG,17
af99bb93_1318.JPEG,17
2ec90dd9_f23e.JPEG,19
c996766c_021a.JPEG,12
876b84d6_c8f9.JPEG,13
06e45e6e_e21d.JPEG,12
02a775ca_50f2.JPEG,29
e7293166_8a95.JPEG,13
bafc00c3_8b73.JPEG,0
86d947a7_8b74.JPEG,2
21aed518_54e6.JPEG,2
336be7d2_3bdc.JPEG,12
b96e7f64_dab9.JPEG,1
f557c933_e324.JPEG,13
f0bb10a1_9cd7.JPEG,0
3ce1804b_1531.JPEG,2
d571886c_dc92.JPEG,29
6e487a50_e1fa.JPEG,26
e740f7d4_38a3.JPEG,10
26592a41_895c.JPEG,12
62f72548_b77a.JPEG,1
e4bc45ad_5030.JPEG,3
767ef0b7_3a85.JPEG,22
2629ac91_d823.JPEG,5
6e208a7a_25e9.JPEG,17
6b2b8adc_3a4d.JPEG,2
d52d86ef_abd4.JPEG,19
8e4ffc93_5692.JPEG,3
5580d739_5679.JPEG,19
20aeaad4_224a.JPEG,13
104ca587_4730.JPEG,2
e1b1688e_436f.JPEG,6
8beea58a_8e57.JPEG,3
2edbf1d0_1df5.JPEG,6
8e6b937b_db03.JPEG,3
d6097327_18c8.JPEG,22
c8433fa6_62f4.JPEG,12
64514bee_a290.JPEG,2
db398113_93c7.JPEG,12
16aadebe_046a.JPEG,19
f8f3d586_0a2a.JPEG,12
9208ad1d_f9eb.JPEG,7
e0cd8a43_5102.JPEG,18
8eb2fd34_91e7.JPEG,12
88ae46a9_8878.JPEG,6
633a0733_9735.JPEG,18
33735794_dc75.JPEG,12
8dd1634d_47d2.JPEG,2
8137b07e_876b.JPEG,28
49673e22_29ea.JPEG,3
e7e88713_514f.JPEG,19
553389f0_a07d.JPEG,3
6d3e26c8_2113.JPEG,23
6ba44dc8_427a.JPEG,1
dbb59173_7fd8.JPEG,7
11c1f9b5_b838.JPEG,29
0e697e09_9878.JPEG,13
85eecaa9_b267.JPEG,28
4128b04f_2787.JPEG,20
9744443a_2c67.JPEG,7
58e369b5_e97a.JPEG,13
e121528a_92ba.JPEG,2
d33c2b21_97de.JPEG,2
4f47b9c2_470f.JPEG,26
4ea682ab_c914.JPEG,6
0638c3b9_58e2.JPEG,16
2c0b532d_54d6.JPEG,28
cc25cb65_a584.JPEG,10
dad34e2e_e9b0.JPEG,12
6bd65dc6_de45.JPEG,2
d2e80282_0bca.JPEG,26
4b6edcab_cba3.JPEG,6
b5ce4172_a514.JPEG,17
e549a096_9e7c.JPEG,2
3a638ca4_1dec.JPEG,2
478019b4_9aa4.JPEG,29
3552e203_55c0.JPEG,12
f10ef797_b3bd.JPEG,3
45523df8_832f.JPEG,2
78037535_9b2f.JPEG,12
5c9ebfe0_b293.JPEG,29
c5b34aa2_d8f5.JPEG,29
489e6d7d_b178.JPEG,3
4097396e_89aa.JPEG,7
b63a5d25_d8cb.JPEG,12
3af31804_7970.JPEG,11
4e3f5caf_7840.JPEG,13
76e43404_ba33.JPEG,23
7a5c143c_aad8.JPEG,26
